{"cameraMode":{"drawMode":0,"name":"Shaded","section":"Shading Mode"},"sceneLighting":true,"audioPlay":false,"sceneViewState":{"showFog":true,"showMaterialUpdate":true,"showSkybox":true,"showFlares":true,"showImageEffects":true,"showParticleSystems":true},"in2DMode":false,"pivot":{"x":6499.55029296875,"y":6493.79638671875,"z":6511.87744140625},"rotation":{"x":-0.2814416289329529,"y":0.01064878050237894,"z":-0.0031249821186065675,"w":-0.9595282077789307},"size":9.874961853027344,"orthographic":false}